दुर्गममा सेवा फैलाउँदै टेलिकम,"['२० जेठ, काठमाडौं । दूरसञ्चार सेवा प्रदायक कम्पनी नेपाल टेलिकमले हालै रसुवा, ताप्लेजुङ, डोल्पा र मुस्ताङका विभिन्न दूर्गम र विकट भेगहरुमा मोवाइल सेवा शुभारम्भ गरेको छ । हालसम्म मोबाइल तथा टेलिफोन जस्ता सञ्चार सेवाबाट वञ्चित भौगोलिक रुपले अति विकट यी स्थानहरुमा हालै कम्पनीले सञ्चार सेवा पुर्\u200dयाउन सफल भएको हो ।', 'कम्पनीले ४ हजार २९० मिटर उचाईमा अवस्थित रसुवाको पाङसाङ डाँडामा बीटीएस राखेर सेवा प्रदान गरेको छ । यसबाट लाङटाङ ट्रेकिङ रुट, गोसाइकुन्ड ट्रेकिङ रुटको केही भाग, ठूलो स्याफ्रु, भिम्सा, सिंगवा, नागथली, ग्यात्लाङ, शेर्पा गाउँ, लामा होटल, घोडा तबेला, मुन्टु, सिङडुङ, खाङजिम आदि स्थानमा मोवाइल सेवा उपलब्ध हुनेछ । यसबाट सो क्षेत्रका ५ सय घरधुरीका करिब २ हजार जनसंख्यालाई सेवा उपलब्ध हुनेछ ।', 'रसुवाकै ३ हजार २४२ मिटर उचाईमा अवस्थित लाङटाङ पदमार्गमा पनि अर्को बीटीएस टावर स्थापना गरिएको छ । यसबाट लाङटाङ उपत्यकाका २ सय घरधुरीका करिब ७ सय जनसंख्याले सञ्चार सेवा उपभोग गर्न पाउने छन् ।ताप्लेजुङको विकट स्थान घुन्सामा पनि सेवा उपलब्ध गराइएको छ । ३ हजार ८२५ मिटर उचाईमा अवस्थित टावरमार्फत घुन्सा, थामे, ज्याल्पा र कन्चनजंघा बेसक्याम्प आदि स्थानमा सेवा उपलब्ध हुनेछ । यसबाट ८० घरधुरीका करिब ३ सय जनसंख्या लाभान्वित हुनेछन् ।', 'डोल्पाको मुकोट र शे फोक्सुन्डोमा पनि हालै बीटीएस सञ्चालनमा आएका छन् । ३ हजार ३१६ मिटर उचाईको मुकोटमा अवस्थित टावरमार्फत छार्का तान्सुङ गाउँपालिकाका दुई वडा र काइके गाउँपालिकाका दुई वडा तान्छिन र खानीगाउँमा सेवा उपलब्ध हुनेछ ।', 'त्यसैगरी ३ हजार ७०४ मिटरको से फोक्सोन्डुमा अवस्थित टावरमार्फत से फोक्सुन्डोका दुई वडा र्याती र पुग्मा तथा रिग्मो, रिखे, ताप्रिजा र फोक्सुन्डो तालसम्म सेवा प्रयोग गर्न सकिने छ । दुवै टावरमार्फत करिब २ हजार सेवाग्राहीले सेवा पाउन सक्नेछन् ।', 'कम्पनीले हालै मुस्ताङको घमी र छोसेरमा समेत सेवा उपलब्ध गराएको छ । घमी ३ हजार ८ सय मिटर र छोसेर ४ हजार २ सय ७० मिटर उचाईमा अवस्थित छन् । यसबाट याराघारा, घमी, ढाकमर, गर्थु, न्याम्दो, चुङजुङ र कोरला जाने रुटसम्म सेवा उपलब्ध हुनेछ । त्यसैगरी उपल्लो मुस्ताङको छुसाङमा पनि थ्रीजी मोबाइल सेवाको शुरुवात भएको छ । यहाँस्थित बीटीएसले त्यहाँका छुसाङ, जेताङ र चैले गाउँका वासिन्दालाई मोबाइल र इन्टरनेट सुविधा उपलब्ध गराउने छ ।', 'दुर्गम तथा विकट ती गाउँमा जीएसएम मोबाइल टावर स्थापनाको कार्य निकै कठिनाईका बाबजुद सफलतापूर्वक सम्पन्न गरी मोबाइलको पहुँच पुर्\u200dयाइएको हो । अब उक्त भेगमा समेत टुजी तथा थ्रीजी मोबाइल सेवा सञ्चालनमा आएका छन् । प्रतिफल कम आउने र तुलनात्मक रुपमा लगानी बढी हुने स्थानहरुमा समेत समान रुपमा दूरसञ्चार सेवा विस्तार गर्ने कम्पनीको नीति रहेको छ ।']"
अब आइफोन र आइप्याड पनि माउसले चलाउन मिल्ने,"['एप्पलले हालै आफ्नो डेभलपर्स कन्फ्रेन्स डब्लु डब्लु डीसी २०१९ का क्रममा आफ्नो नयाँ अपरेटिंग सिस्टम आइओएस १३ सार्वजनिक गर्\u200dयो ।', 'नयाँ आइओएस १३ मा प्रयोगकर्ताका लागि एप्पल डिभाइसहरुमा केही उत्कृष्ट फिचरहरु प्राप्त हुनेवाला छन् ।', 'एप्पलले एकसाथ आइओएस, म्याक ओएस, वाच ओएस तथा टिभी अपरेटिंग सिस्टमको अपडेटेड भर्सन ल्याएको छ । उक्त नयाँ अपरेटिङ सिस्टम सार्वजनिक गर्दै एप्पलले यस अपरेटिङ सिस्टमले माउस सपोर्ट गर्ने जनाएको छ । अर्थात् यो अपरेटिङ सिस्टम प्रयोग गरिएका आइफोन तथा आइप्याडहरुमा अब कम्प्युटर माउस पनि प्रयोग गर्न सकिनेछ ।', 'ठूलो स्क्रिनयुक्त आइप्याडका लागि त माउसको प्रयोग उपयुक्त नै होला । तर आइफोनका लागि समेत माउस सपोर्ट उपलब्ध गराउनुलाई अनौठो मान्न सकिन्छ । यद्यपि, यसको पनि खास कारण रहेको छ ।', 'धेरै एप्पल प्रयोगकर्ताले आइफोनका लागि माउस सपोर्टको कुनै आवश्यकता नभएको सोसल मिडियामा बताइरहेका छन् । फ्यानका ती प्रतिक्रियाको जवाफ दिँदै एप्पलले यसको खास कारण बताएको छ । आइफोनलाई अझै बढी पहुँचयोग्य बनाउनका लागि आइफोनसमेत माउसबाट चल्ने बनाइएको उसको दाबी छ ।', 'माउस सपोर्टलाई केवल एक्सेसिबिलीटी फिचरका रुपमा मात्रै डिभाइसहरुमा लिएर आएको एप्पलको दाबी छ । खासगरी माउस तथा एक्सर्टनल डिभाइस विना आइफोन तथा आइप्याड प्रयोग गर्न नसक्ने प्रयोगकर्ताहरुका लागि माउस सपोर्ट निकै सहयोगी हुने विश्वास एप्पलको छ । आइफोनमा यो फिचर AssistiveTouch\xa0 मेन्यूमा राखिनेछ ।', 'नयाँ अपरेटिंग सिस्टममा माउस सपोर्ट उपलब्ध हुने बताइएको भए पनि कुन–कुन डिभाइसले यसलाई सपोर्ट गर्दछन् भन्ने आधिकारिक जानकारी एप्पलले दिएको छैन ।', 'आइफोन र आइप्याडमा माउस सपोर्ट फिचर सबै प्रयोगकर्ताका लागि उपयोगी भएता पनि यसले विशेष क्षमता भएका ठूलो संख्याका प्रयोगकर्ताका लागि चाहिँ निकै उपयोगी हुने बताइएको छ । आगामी सेप्टेम्बरसम्ममा नयाँ अपरेटिङ सिस्टम आइओएस १३ सबै एप्पल प्रयोगकर्ताका लागि उपलब्ध गराउने योजना एप्पलको छ ।', 'एजेन्सीको सहयोगमा']"
हुवावेको अपरेटिङ्ग सिस्टम एन्ड्रोइडभन्दा ६० प्रतिशत धेरै तेज,"['गुगलले आफ्नो अपरेटिङ सिस्टम एन्ड्रोइड प्रयोग गर्नमा प्रतिबन्ध लगाएपछि चिनियाँ स्मार्टफोन कम्पनी हुवावेले आफ्नै अपरेटिङ्ग सिस्टम हङ्गमेङ्ग ल्याउँदैछ ।', 'हुवावेको यो अपरेटिङ्ग सिस्टम एन्ड्रोइडभन्दा ६० प्रतिशतसम्म धेरै तेज हुनसक्ने दाबी गरिएको छ ।', 'ग्लोबल टाइम्समा स्राेतको हवाला दिँदै छापिएको समाचार अनुसार छिट्टै नै लञ्च हुने हङ्गमेङ्ग गुगलको एन्ड्रोइडभन्दा निकै तेज हुनेछ ।', 'समाचार अनुसार शाओमी तथा भिभोजस्ता कम्पनीहरुले हुवावेमा उसको अपरेटिङ्ग सिस्टमको परीक्षणका लागि आफ्ना कर्मचारी पठाउन थालेका छन् । अहिले यी सबै कम्पनीले आफ्ना स्मार्टफोनमा एन्ड्रोइड प्रयोग गर्दै आएका छन् ।', 'हुवावेको मेट ३० मा नयाँ अपरेटिङ्ग सिस्टम', 'ग्लोबल टाइम्स आफ्नो समाचारमा लेख्छ, ‘हुवावेले इन्टरनेट दिग्गज कम्पनी तथा घरेलु स्मार्टफोन कम्पनीहरुसँग मिलेर आफ्नो अपरेटिङ्ग सिस्टम हङ्गमेङ्गको परीक्षण गरिरहेको छ । यो नयाँ सिस्टम आउँदो केही महिनामै लञ्च गरिनेछ ।’', 'हुवावेको Mate 30\xa0 स्मार्टफोनलाई यो नयाँ अपरेटिङ्ग सिस्टमको साथमा लञ्च गरिने सम्भावना रहेको बताइएको छ । ढिलोमा यो अंग्रेजी वर्षको अन्त्यसम्ममा हङ्गमेङ्ग अपरेटिङ्ग सिस्टमयुक्त स्मार्टफोन ल्याउने योजना हुवावेको छ ।', 'एप डेभलपर्सलाई आह्वान', 'हुवावेले हालै कम्तीमा ९ वटा देश तथा युरोपमा समेत आफ्नो अपरेटिङ्ग सिस्टको ट्रेडमार्कका लागि निवेदन दिइसकेको छ । यसैबीच हुवावेले विश्वभरका एप डेभलपर्सलाई हङ्गमेङ्ग अपरेटिङ्ग सिस्टमको एप ग्यालरीमा आफ्नो एप पब्लिस गर्नका लागि प्रोत्साहित गरिरहेको छ । गुगलको प्ले स्टोरलाई टक्कर दिने गरी एप ग्यालेरी तयार गर्ने लक्ष्य हुवावेको छ ।', 'यहीँ हप्ताको सुरुवातमा साउथ चाइना मर्निङ्ग पोस्टले हुवावेको यस अपरेटिङ सिस्टमको विस्तृत विवरण समावेश गरी रिपोर्ट प्रकाशित गरेको थियो । रिपोर्ट अनुसार हुवावेको अपरेटिङ सिस्टम Microkernel\xa0 मा आधारित छ । जसले निकै कम स्पेस लिनुका साथै बढी सुरक्षित र सरल रहने बताइएको छ ।', 'एजेन्सीको सहयोगमा']"
गुगलले बन्द गर्यो युट्युब गेमिङ एप,"['इन्टरनेट जाएन्ट गुगलले अन्ततः आफ्नो युट्युब गेमिङ एप पूर्ण रुपमा बन्द गरेको छ ।', 'गुगलका अनुसार अब गेमिङ सँग सम्बन्धित सामाग्रीहरु केवल युट्युबको मूख्य एपभित्रै रहनेछन् । अर्थात् गेमिंग एप अब युट्युब प्लेटर्फममा मात्रै चल्नेछ ।', 'स्मरण रहोस् गुगलले गत महिना नै युट्युब गेमिङ एपलाई युट्युबको मुख्य एपमै विलय गराउने घोषणा गरेको थियो ।', 'युट्युब गेमिङ एप सन् २०१५ मा एन्ड्रोइड र आइओएस दुबै प्लेटर्फममा सुरु भएको थियो । एप मात्र नभै वेबसाइट भर्सनमा पनि युट्युब गेमिङ एप लञ्च गरिएको थियो ।', 'गत वर्षको सेप्टेम्बरमा गुगलले एक घोषणा मार्फत सन् २०१९ को मार्चमा युट्युब गेमिङ एप बन्द गर्ने संकेत गरेको थियो । तर गत मार्चमा उक्त एप बन्द गरिएन । अन्ततः मे ३० मा युट्युब गेमिङ एपलाई एप्पलले युट्युबको मुखय एपमा बिलय गराएको छ ।', 'गुगलका अनुसार युट्युब गेमिङ एपका पुराना प्रयोगकर्ताहरुले अब आफ्नो सदस्यतालाई युट्युबको मुख्य प्लाटर्फममै एकिकृत गर्न सक्नेछन् ।', 'गुगलले पछिल्लो समयमा आफ्ना असफल तथा कम लोकपि्रय भएका प्रडक्टहरुलाई बन्द गर्ने क्रमलाई अघि बढाएको छ । त्यसक्रममा गुगलले एल्लो च्याट एप तथा इनबक्स बाइ जिमेल एपलाई पनि बनद गरिसकेको छ ।', 'यतिमात्र होइन करीब ५ करोड प्रयोगकर्ताको डाटा सुरक्षामाथि आक्रमण भएको खुलासा भएलगत्तै गुगलले आफ्नो सोसल मिडिया प्लाटर्फम गुगल प्लसलाई समेत सदाको लागि बन्द गरिसकेको छ ।', '']"
"हुवावेको संकट झनै बढ्यो, स्मार्टफोनमा मेमोरी कार्ड हाल्न नपाउने","['काठमाडौं । चिनियाँ दिग्गज स्मार्टफोन निर्माता कम्पनी हुवावेमाथि अमेरिकाको प्रतिबन्धको प्रभाव बढ्दै गएको छ ।', 'अमेरिकी प्रतिबन्धको असर फैलिने क्रममा एसडी कार्ड एसोसिएसनमा रहेको हुवावेको सदस्यता पनि खोसिएको छ । एसडी कार्ड संघको सदस्यता खारेज भएसँगै अब हुवावेले आफ्ना स्मार्टफोनमा एसडी कार्ड घुसार्ने स्लट बनाउन पाउने छैन ।', 'पछिल्लो निर्णयसँगै हुवावेका मौजुदा फोनहरुले एसडी कार्ड सपोर्ट गरे तापनि कम्पनीले आगामी दिनमा आफ्ना उत्पादनहरुमा एसडी कार्डको प्रयोग गर्न पाउने छैन ।', 'एसडी कार्ड एसोसिएसनका अलावा अन्य कैयन् कम्पनीहरुले पनि हुवावेको साथ छोडेका छन् । यसअघि गुगल, एआरम, इन्टेल, क्वालकोम तथा ब्रोडकम जस्ता कम्पनीले पनि हुवावेको साथ छोडिसकेका छन् ।', 'अमेरिकी प्रतिबन्धसँगै कम्पनीहरुले हुवावेसँगको सहकार्य तोड्दै जान थालेका छन् । वाइफाइ अलायन्सले समेत हुवावेलाई अस्थायी रुपमा बन्देज लगाएको छ ।', 'हुवावेले कस्तो मेमोरी कार्ड प्रयोग गर्ला ?', 'एसडी कार्ड एसोसिएसनले साथ छोड्न हुवावेका लागि ठूलो झट्का हो । तर प्राविधिक रुपमा हुवावेका लागि यो ठूलो समस्या चाहिँ हुनेछैन ।', 'किनकी हुवावेसँग आफ्नै नानो मेमोरी कार्डहरु छन् जो विद्यमान मेमोरी कार्डको तुलनामा निकै सानो आकारका रहेका छन् । तिनै नानो मेमोरी कार्डहरु हुवावेले आफ्ना नयाँ स्मार्टफोनमा प्रयोग गर्नेछ ।', 'यस्ता नानो मेमोरी कार्डलाई हुवावेले सबैभन्दा पहिले मेट २० स्मार्टफोन लञ्च गर्ने बेला सार्वजनिक गरेको थियो । आगामी स्मार्टफोनमा त्यो नानो मेमोरी कार्ड प्रयोग हुने अपेक्षा गरिएको छ ।', '-एजेन्सीको सहयोगमा']"
विश्वकै खतरनाक भाइरस भएको ल्यापटप,"['आफ्नो ल्यापटपमा भाइरस देखियो भने हामी चिन्तित हुन्छौँ । प्रयोगकर्ताका लागि कम्प्युटर सिस्टममा भाइरस हुनु भनेको गडबडी हो, जसले ल्यापटपका डाटाहरुलाई खतरामा पार्दछ ।', 'भाइरस लागेको ल्यापटपलाई भाइरस मुक्त नपारेसम्म प्रयोगका लागि लायक हुँदैन । यस्तो ल्यापटप बेच्न चाहँदा पनि खासै मूल्य नपर्न सक्दछ । तर विश्वमा एउटा यस्तो भाइरस ग्रस्त ल्यापटप छ, जसको मूल्य करोडौँ पर्दछ ।', 'विश्वकै सबैभन्दा खतरनाक ६ वटा भाइरस भएको ल्यापटप कराडौँ मूल्यमा बिक्री भएको छ ।', 'अनलाइन लिलामीका क्रममा उक्त ल्यापटप बिक्री भएको छ । सामसुंग कम्पनीको उक्त ल्यापटपमा दुनियाँकै खतरनाक भाइरस थियो । उक्त भाइरसले दुनियाँभरमा गरी ९५ अर्ब डलरको नोक्सान पुर्\u200dयाएको थियो ।', 'उक्त ल्यापटपलाई इन्टरनेट आर्टिस्ट गुओ ओ डंग र साइबर सेक्योरिटी कम्पनी डिप इन्स्टिंक्टले तयार पारेका हुन् । उक्त ल्यापटपमा Wanna Cry, BlackEnery, MyDoom, ILOVEYOU, SoBig, Darktequilaa\xa0 लगायतका भाइरस रहेका छन् ।', 'ती भाइरसले कम्प्युटरमा कुनै असर नपारुन् भनेर ल्यापटपमा कैयन् सुरक्षा टिप्सको प्रयोग गरिएको छ ।', 'उक्त ल्यापटपको पोर्टचाहिँ निस्क्रिय पारिएको छ ताकि त्यसमा रहेको भाइरस पोर्ट मार्फत अन्य डिभाइसमा सर्न नपाओस् र ल्यापटपमै भाइरस सक्रिय नहोस् ।एजेन्सी']"
"मोबाइल आयात घट्यो, राजश्व बढ्यो","['११ जेठ, काठमाडौं । चालु आर्थिक वर्षको पहिलो १० महिनामा मोबाइल सेटको आयात ३५ प्रतिशतले घटेको छ ।', 'गत आवको सही अवधिमा ५५ लाख १० हजार\xa0 मोबाइल सेट भित्रिएको थियो । तर, यो वर्ष त्यो संख्या खुम्चिएर ३५ लाख ८५ हजारमा झरेको भन्सार विभागले जनाएको छ ।', 'मोबाइल आयात घट्दा पनि राजश्व भने बढेको छ ।', 'गत वर्ष यही समीक्षा अवधिमा २१ अर्ब १७ करोड मूल्य बराबरको मोबाइल नेपाल भित्रिएको थियो । यो वर्ष १६ अर्ब ४ करोडको मात्रै मोबाइल आयात भएको छ ।', 'गत वर्ष सुरुको १० महिनामा मोबाइलबाट २ अर्ब ७५ करोडको भन्सार राजश्व उठाएकोमा यो वर्ष बढेर २ अर्ब ९९ करोड रुपैयाँ उठेको छ । मोबाइल आयात ३५ प्रतिशतले घटेको अवस्थामा पनि भन्सार राजश्व ९० प्रतिशतले बढेको देखिन्छ ।', 'यसको मुख्य कारण मोबाइलमा दिइने मूल्य अभिवृद्धि कर (भ्याट) फिर्ताको प्रावधान हटाउनु हो ।', 'गत वर्षसम्म मोबाइल आयात गर्दा लाग्ने भ्याटको ४० प्रतिशत\xa0 राजश्व पुनः\xa0 व्यापारीले नै फिर्ता पाउँथे । तर, बजेट भाषणमार्फत अर्थमन्त्री युवराज खतिवडाले सो सुविधा कटाएर थप ५ प्रतिशत अन्तशुल्क तिर्नुपर्ने प्रवन्ध गरे ।', 'यसका कारण मोबाइल भित्रयाउँदा लाग्ने राजश्व केही बढेको भन्सार विभागका एक अधिकारीले बताए । ‘विगतका वर्षहरुमा नेपालमा चीनसहित तेस्रो मुलुकबाट महंगो मूल्यको मोबइल भित्र्याएर भ्याट फिर्ताको दाबी गरिन्थ्यो,’ ती अधिकारी भन्छन्,’ त्यही मोबाइल फेरि सीमावर्ती भारतका बजारमा पठाउँदा हामीलाई नोक्सानी बढी थियो ।’', 'अहिले यो प्रवृत्ति नियन्त्रणमा आएको भन्सार अधिकारीहरुको दाबी छ । भ्याट फिर्ता सुविधा नपाउने भएपछि नेपालमा विक्रीका लागि मात्रै मोबाइल भित्रिन थालेको राजश्व अधिकारीहरु बताउँछन् ।', 'ब्यापारीहरु भने यो दाबी स्वीकार्दैनन् । मोबाइल महंगो भएका कारण उपभोक्ताले किन्ने क्रम घटेको दाबी उनीहरुको छ ।', 'यस्तै नेपालमा आवश्यक मोबाइल पनि तस्करी भएर भारत लगायतका देशबाट आउन थालेको तर्क गर्छन् मोबाइल आयातकर्ता समेत रहेका नेपाल उद्योग वाणिज्य महासंघका पूर्वा अध्यक्ष पशुपति मुरारका ।', '‘मोबाइल महंगिएपछि ‘ग्रे मार्केट’बाट नेपालमा तस्करी हुन थालेको छ, यसले गर्दा भन्सार छलेर मोबाइल भित्र्याउने क्रम बढेको छ,’ मुरारकाले भन्छन्, ‘मोबाइलको तस्करी रोक्न भ्याट फिर्ताको प्रावधान फेरि राख्नुपर्ने देखिन्छ ।’', 'आईएमईआई नम्बरबाट अवैध मोबाइल नियन्त्रण गर्ने प्रविधि ल्याउने बताएपछि कार्यान्वयन नभएको उनले बताए ।', 'सरकारले अवैध रुपमा भित्रिएका मोबाइललाई निस्त्रिmय गर्न सकिने गरी\xa0 डिभाइस म्यानजमेन्ट सिस्टम जडान गर्न खोजेको दुई वर्ष बढी भएको छ । तर, अझै पनि काम भएको छैन ।', 'यसले गर्दा मोबाइलको अवैध आयात बढेको दाबी ब्यापारीहरुको छ ।', 'सरकार भने पछिल्लो समयमा त्यस्तो अवैध आयात रोकिएर बजारमा वैध मोबाइल बिक्री बढेको दाबी गर्छ ।']"
दूरसञ्चार प्राधिरकणमा अध्यक्ष नियुक्तिका लागि खुल्यो दरखास्त,"['२७ जेठ, काठमाडौं । सरकारले दूरसञ्चार प्राधिरकणमा अध्यक्ष नियुक्तिका लागि सरकारले दरखास्त आह्वान गरेको छ । हाल सरकारले पुरुषोत्तम खनाललाई प्राधिरकणको कार्यवाहक अध्यक्ष बनाएको छ ।', 'सोमबार एक सूचना जारी गर्दै सञ्चार तथा सूचना प्रविधि मन्त्रालयले विभिन्न योग्यता तोकेर अध्यक्षका लागि दरखास्त आह्वान गरेको हो । यसअघि अध्यक्षमा नियुक्त भएका दिगम्बर झाले गत पुसमा राजीनामा दिएपछि अध्यक्ष पद रिक्त छ ।', 'यो पदमा योग्य उम्मेदवारले असार ९ गतेसम्म दरखास्त बुझाउनुपर्नेछ । ३० वर्षदेखि ६५ बर्ष ननाघेका व्यक्तिले आवेदन भर्न सक्नेछन् ।', 'दूरसञ्चार क्षेत्रसँग सम्बन्धित प्राविधिक, प्रशासनिक, बजार व्यवस्थापन, लेखा तथा लेखापरीक्षण वा कानुनी क्षेत्रमा मान्यता प्राप्त शैक्षिक संस्थाबाट कम्तिमा स्नातक उपाधि हासिल गरेको शैक्षिक योग्यता राखिएको छ ।', 'टेलिकम क्षेत्रमा कम्तिमा १० बर्षको अनुभव पनि अनिवार्य गरिएको छ । सरकारी सेवा वा सार्वजनिक संस्थान, प्राधिकरण, बोर्ड, समिति, आयोग, प्रतिष्ठान वा सार्वजनिक कम्पनीको कर्मचारीको हकमा राजपत्राकिंत प्रथम श्रेणी, दशौं तह वा सोभन्दा माथिल्लो पदमा काम गरेको अनुभव हुनुपर्ने छ ।', 'उम्मेदवारले पेश गरेको व्यावसायीक कार्ययोजना, त्यसको प्रस्तुतिकरण र अन्तरवार्ता, शैक्षिक योग्यता र अनुभवको मुल्यांकन गरि नियुक्तिका लागि सिफारिस गरिने सूचनामा उल्लेख छ ।']"
यी हुन् आर्टिफिसियल इन्टेलिजेन्स प्रविधिको सबैभन्दा धेरै पेटेन्ट लिने कम्पनीहरु,"['काठमाडौं । कृत्रिम विवेक अर्थात् आर्टिफिसियल इन्टेलिजेन्स प्रविधिको बौद्धिक सम्पत्ति अधिकार सुरक्षित गर्ने मामिलामा दक्षिण कोरियाली कम्पनी सामसुंग तेश्रो स्थानमा देखिएको छ ।', 'दुई अमेरिकी दिग्गज कम्पनी आर्टिफिसियल इन्टेलिजेन्सको पेटेन्ट दर्तामा शिर्ष दुई स्थानमा रहेका छन् ।', '१८ हजार ३६३ वटा आर्टिफिसियल इन्टेलिजेन्स -एआई)सँग सम्बन्धित पेटेन्ट सहित माइक्रोसफ्ट कम्पनी पहिलो स्थानमा रहेको छ ।', 'त्यस्तै अर्को अमेरिकी कम्पनी आइबिएम दोश्रो स्थानमा छ । आइबिएम सँग एआईसँग सम्बन्धित १५ हजार ४६ वटा पेटेन्ट सुरक्षित रहेका छन् । तेश्रो स्थानमा रहेको सामसुंगले चाहीँ अहिलेसम्म ११ हजार २४३ वटा आर्टिफिसियल इन्टेलिजेन्स सँग सम्बन्धित पेटेन्ट आफ्नो नाउँमा सुरक्षित गरिसकेको छ ।', 'जर्मनीमा रहेको अनुसन्धान कम्पनी आइ प्लेटिक्सको रिपोर्ट अनुसार सबैभन्दा धेरै पेटेन्ट हात पारेका शीर्ष १० कम्पनी मध्ये ५ वटा अमेरिकी कम्पनी रहेका छन् ।', 'त्यस्तै जापानका दुईवटा तथा दक्षिण कोरिया, नेदरल्याण्ड र जर्मनीको एक एक वटा कम्पनी शीर्ष १० मा रहेका छन् ।', 'सन् २०१८ को अन्त्यसम्ममा आर्टिफिसियल इन्टेलिजेन्स सँग सम्बन्धित पेटेन्ट दर्ताको संख्या बढेर ७८ हजार ०८५ पुगेको रिपोर्टमा उल्लेख छ ।', '-एजेन्सीको सहयोगमा']"
"हुवावेले भन्यो-ग्राहकको अनुभवप्रति सचेत छौं, समस्या आउँदैन ","['काठमाडौं । हुवावेले आफ्ना प्रयोगकर्तालाई कुनै अफवाहमा विश्वास नगर्न आग्रह गरेको छ । उसले आफूमाथि ल्याउन खोजिएको संकट पार लगाउन कम्पनी सक्षम रहेको भन्दै ग्राहकलाई धैर्य र विश्वास कायम गर्न अपील गरेको छ ।', 'अहिलेसम्म कम्पनीका प्रयोगकर्तालाई वर्तमानमा विकसित घटनाक्रमले कुनै कसर नपारेको दावी पनि कम्पनीको छ ।', 'गुगलको प्रतिबन्धले हुवावे फोन प्रयोगकर्तामा कुनै असर नपरेको र भविष्यमा पनि नपर्ने हुवावे टेक्नोलोजी नेपालले दावी गरेको छ । उसले अहिले पनि प्रयोगकर्ताको अनुभवमा कुनै असर नपरेको कम्पनी बताउँछ ।', 'कम्पनीले गुगलको प्रतिबन्धले हुवावे फोन प्रयोगकर्ताको अनुभवमा कुनै असर नपर्ने बताएको हो ।', 'हुवावेले आफ्ना ग्राहकलाई नयाँ अनुभव थप गर्न सक्षम रहेको उनले उल्लेख गरेको छ । अहिले देखा परेको समस्याले कम्पनीको आपूर्ति र एजेन्सीमा समस्या आए पनि ग्राहकको मोबाइल प्रयोगको अनुभवमा कुनै असर नपर्ने कम्पनीको दावी छ ।', 'हाल सञ्चालन र स्टोरमा रहेको फोन यसअघि नै गुगलद्वारा सर्टिफाई भइसकेकाले त्यस्ता फोनमा कुनै असर नपर्ने कम्पनीको भनाइ छ ।', '‘अबका दिनमा बन्ने नयाँ मोडलका फोनको विषयमा के हुन्छ ठ्याक्कै भन्न सकिँदैन, तर हाल सञ्चालनमा रहेका फोनमा कुनै असर पर्ने छैन,’ कम्पनीले भनेको छ ।', 'ग्राहक अनुभवलाई अझ प्रभावकारी बनाउन हुवावेले नयाँ-नयाँ सिस्टम उपलब्ध गराइरहने बताएको छ ।', '‘यो प्रतिबन्धले कम्पनीको व्यापारमा केही समयका लागि असर गर्नेछ, कम्पनीका एक प्रतिनिधिले भने, ‘दीर्घकालसम्म यसले कुनै असर गर्ने छैन ।’', 'यो समस्यासँग जुध्दै गर्दा कम्पनीको ब्रान्डिङ पनि भएको छ । यसले गर्दा हुवावेप्रति धेरैको साहानुभुति पनि प्राप्त भएको कम्पनीको दावी छ ।', 'नेपालमा पनि प्रमियिम रेन्जको स्मार्टफोनको विक्रीमा केही असर परेको छ । तर,\xa0 इन्ट्री र मिड रेन्जका स्मार्टफोनमा कुनै असर नपरेको बम्पनी बताउँछ ।', 'गुगलले एक्कासी प्रतिबन्ध लगाउँदा ग्राहकमा विभिन्न प्रश्न खडा भएपनि विस्तारै धेरैले यसबारे बुझ्दै गएको कम्पनी बताउँछ ।', 'हुवावेले आफ्नै अपरेटिङ सिस्टमका लागि ८ वर्षदेखि काम गरिरहेको बताएको छ, अप्ठेरो अवस्था आए आफ्नै ओएसमार्फत सेवा दिन हुवावे सक्षम हो दावी गरिएको छ ।', 'यस्तो अपरेटिङ सिस्टम कहिलेबाट प्रचलनमा आउँछ भन्ने अहिलेसम्म तय भएको छैन । यो सिस्टमका लागि कम्पनीले आफ्नो मिहिनेत लगाइरहेको छ ।', 'हुवावेले अप्ठोरो अवस्था समाना गर्न आफू सक्षम रहेको बताएको छ । तर, सकेसम्म वार्तामार्फत नै यस्तो समस्या सुल्झाउन सकिने कम्पनीको विश्वास\xa0 छ । हुवावे सम्बन्ध तोड्दा आफूलाई भन्दा बढी गुगललाई घाटा हुने दावी गर्छ ।', 'उसले अहिले बजारमा हुवावेलाई कमजोर बनाउन विभिन्न गलत प्रचारबाजी भइरहेको भन्दै त्यसमा विश्वास नगर्न आग्रह गरेको छ ।']"
फेसबुकले हटायो ३ अर्ब फेक अकाउन्ट,"['सोसल मिडिया प्लाटफर्म फेसबुकले ६ महिनाको अवधिमा ३ अर्ब भन्दा धेरै फेसबुक अकाउन्ट बन्द गरिदिएको छ ।', 'सन् २०१८ को अक्टोबर महिनादेखि सन् २०१९ को मार्च महिनासम्मको अवधिमा फेसबुकले यतिधेरै संख्याका अकाउन्ट हटाएको हो । त्यसमध्ये १ अर्ब २० करोड अकाउन्ट सन् २०१८ को चौथो त्रैमासिकमा र २ अर्ब १९ करोड अकाउन्ट सन् २०१९ को प्रथम त्रैमासिकमा बन्द गरिएको हो ।', 'फेसबुकका अनुसार फेसबुकका मासिक सक्रिय प्रयोगकर्तामध्ये ५ प्रतिशत फेक अकाउन्ट रहेको पनि खुलासा भएको छ ।', 'फेसबुकका एकजना उपाध्यक्ष गाई रोसेनका अनुसार अटोमेटेड पद्धतिबाट एकै पटकमा ठूलो संख्यामा सिर्जना गरिएका फेक अकाउन्टहरुमाथि धावा बोलिएको छ ।', 'उनका अनुसार फेसबुक प्रयोगकर्ताले हेर्ने हरेक १० हजार सामाग्रीमध्ये ११ देखि १४ वटा सामाग्रीहरुले अश्लीलता तथा यौनिकता सम्बन्धि फेसबुकको नियम उल्लंघन गर्ने गरेका छन् ।', 'सन् २०१८ को पछिल्लो ६ महिनामा फेसबुकले विश्वका ९ देशमा गरी ५३ वटा मुख्य अवरोधको सामना गर्नुपरेको थियो । सोही वर्षको पहिलो ६ महिनामा चाहीँ ८ देशमा गरी ४८ वटा मुख्य अवरोधको सामना गरेको थियो । फेसबुकले सामाना गरेका अवरोधमध्ये ८५ प्रतिशत भारतबाट व्यहोर्नुपरेको छ ।एजेन्सी']"
"हुवावेलाई प्रयोगकर्ताको साथ, कम्पनीद्वारा ग्राहकलाई कुनै फरक नपर्ने ‘ग्यारेन्टी’","['२४ जेठ, काठमाडौं । अमेरिकी सरकारले प्रतिबन्धहरू लगाएपछि गुगलले एन्ड्रोइड लाइसेन्स रद्द गरिदिँदा हुवावेले अप्ठेरो र जटिलाहरूको सामना गर्नुपर्यो । हुवावेका लागि पछिल्ला केही महिना महत्तवपूर्ण र उत्साहजनक थियो । मोबाइलफोनको बिक्रीमा उल्लेख्य वृद्धि भयो र सोही कारण हृवावे विश्वकै दोस्रो ठूलो स्मार्टफोन उत्पादक कम्पनी बन्यो साथै यसको अग्रणी र नवीन फाइभजी प्रविधि अन्तर्राष्ट्रिय समाचारमा छाएको थियो ।', 'तर, अमेरिकी कदमपछि ग्राहक र प्रयोगकर्ताहरूको चिन्ता बढेपछि हृवावेले भने प्रतिरक्षात्मक देखिरह्यो र शर्तरहित साथ र भावी दिनमा पनि सेवा दिनेको प्रत्याभूति दिइरह्यो अनि हालैको घटनाक्रमबाट विचलित नभइकन दुई वटा नयाँ उत्पादनहरू- वाई फाइभ २०१९ र वाई सेभेन प्रो २०१९ फिंगरपि्रन्ट भर्जन सार्वजनिक गर्यो ।', 'अर्को प्रत्याभूति भनेको हालै ईएमयूआई नाइनको निरन्तर स्तोरन्नतिले गर्दा विश्वभर रहेका ८ करोड प्रयोगकर्ताहरु बढेर जून महिनाको अन्त्यसम्ममा १० करोड पुग्न्ने अनुमान गरिएको छ ।', 'त्यस्तै मेट ट्वान्टी प्रो एन्ड्रोइड क्यू बेटा अपग्रेडको सूचीमा सूचीकृत छ । त्यसैले हृवावेका ग्राहकहरुका लागि महत्तवपूर्ण कुरा के छ भने उनीहरुले प्रयोग गरिरहेका फोनको पूर्ण ख्याल गरिएको छ र खरिदकर्ताहरुले पनि चिन्ता गर्नुपर्दैन ।', 'अमेरिकी सरकारसँग हुवावेको सम्बन्धको इतिहासलाई केलाउँदा पहिलेदेखि नै असहज सम्बन्ध थियो र अमेरिकी सरकारले हुवावेलाई देशको राष्ट्रिय सुरक्षामा जोखिम बोकेको भन्दै इन्टटी लिस्टमा सूचीकृत गरेपछि सबैभन्दा खराब विन्दूमा पुग्यो ।', 'त्यसपछि गुगलले मे २० तारिखमा हुवावेको एन्ड्रोइड लाइसेन्स रद्द गरिदियो र भावी दिनमा सार्वजनिक हुने सबै उत्पादनहरूप्रतिको साथ पनि तोडिदियो ।', 'यद्यपि एन्ड्रोइडले एक विज्ञप्ति जारी गर्दै ‘गुगल प्ले र गुगल प्ले प्रोटेक्टको सेक्युरिटी भने विद्यमान हृवावे उत्पादनहरूमा काम गर्ने’ उल्लेख गरेको छ ।', 'हुवावेले तत्कालै उसको फेसबुक पेजमा प्रतिक्रिया दिँदै लेख्यो- हृवावेले संसारभर एन्ड्रोइडको विकास र पहुँचमा महत्तवपूर्ण योगदान पुर्याएको छ । एन्ड्रोइडको एउटा प्रमुख विश्वव्यापी साझेदारका रूपमा हामीले प्रयोगकर्ताहरू र मोबाइलफोन उद्योग दुवैलाई फाइदा पुर्याउने अवस्था निमार्ण गर्न ओपन-सोर्स प्लेटर्फमसँग निकट भएर काम गरेका छौँ । हृवावेले बिक्री भइसकेका तथा विश्व बजारमा अझै पनि बिक्रीका लागि स्टकमा रहेका स्मार्टफोन र ट्याब्लेट उत्पादनहरूमा सेक्युरिटी अपडेटहरू र आफ्टरसेल्स सर्भिस अर्थात् बिक्रीपछिको सेवा निरन्तर उपलब्ध गराउनेछ । विश्वभर रहेका प्रयोगकर्ताहरूलाई उत्कृष्ट अनुभव प्रदान गर्न हामी निरन्तर सुरक्षित तथा दिगो सफ्टवेयर प्रणालीलाई निर्माण गर्ने कार्यमा जुटिरहनेछौं ।’', 'हुवावेले अमेरिकी कदमको निन्दा पनि गरेको छ र उसका उत्पादनहरूमाथि लगाइएको सरकारी प्रतिबन्धलाई गैरकानुनी भन्दै त्यसविरुद्ध कानुनी मुद्दा दायर गर्यो । हुवावेका प्रमुख कार्यकारी अधिकृत रेन जाङभेइले २१ मे तारिखमा एउटा पत्रकार सम्मेलनका क्रममा हुवावेमाथि लगाइएको ९० दिने अस्थाथी लाइसेन्स प्रतिबन्धको ‘खासै औचित्य नभएको’ र हुवावे पूर्ण तयारी अवस्थामा भएको बताए ।', 'यसका साथै उनले हुवावे कम्पनीसँग काम गरेको र पछिल्लो ३० वर्षमा कम्पनीको विकासमा सहयोग पुर्याएका अमेरिकी कम्पनीहरूप्रति कृतज्ञता प्रकट गरे ।', 'संयुक्त राज्य अमेरिका कानुनबाट शासित भएको देश भएकोमा पनि उनले जोड दिए। अमेरिकी कम्पनीहरूले नियमकानुन मान्नै पर्ने र त्यसैगरी वास्तविक अर्थतन्त्रले पनि कानुनको पालना गर्नुपर्ने\xa0 उनको भनाइ थियो ।', 'उनले भने,’अमेरिकी कम्पनीहरू र हुवावेले एउटै नियतिको सामना गर्नुपरेको विषय पनि संचारमाध्यमले बुझ्नुपर्छ । हामी दुवै बजार अर्थतन्त्रका खेलाडी हौँ । अमेरिकी कम्पनीहरूको हाम्रो निकट सम्बन्ध दुवै पक्षको कैयौँ दशकदेखिको प्रयासको प्रतिफल हो ।’', 'हुवावेका मोबाइलफोन प्रयोगकर्ताहरू र सम्भावित खरिदकर्ताहरूले उठाएका चिन्ताहरूका सम्बन्धमा कम्पनीले बजारमा हाल भएका हृवावेका सबै मोबाइल फोनहरूले केही समस्याको सामना गर्नुनपर्ने भनेर बारम्बार विश्वस्त तुल्याउँदै गुगल एपहरूमा अपग्रेडहरू उपलब्ध हुने र सामान्य अवस्थामै झै चल्ने बताएको छ ।', 'यसबीच प्रमुख कार्यकारी अधिकृत रेन जाङभेइले अमेरिकी टेलिभिजन सिएनबीसीसँगको अन्तर्वार्ताका क्रममा हृवावे कम्पनीले स्मार्टफोनहरू तथा कम्युटरहरूका लागि हङमेङ्ग नामक आˆनै अपरेटिङ सिस्टम विकास गरेको र आगामी जाडोयामसम्म संचालनमा आउनसक्ने बताए ।', 'नेपालको सन्दर्भमा हुवावे सन् २०१४ मा यहाँको बजारमा प्रवेश गरेको थियो र सामाजिक संजालहरूमा मानिसहरूले समर्थन र साथ व्यक्त गरेका छन् र अझैपनि नेपाली बजारमा दोस्रो ठूलो स्मार्टफोन ब्रान्डको स्थानमा रहेको छ ।', 'हुवावेका मोबाइलफोनबाट लिएका तस्वीरहरू सेयर गर्नमा प्रयोगकर्ताहरूले जोड दिने छन् र विभिन्न सामाजिक संजालहरूमा विशेषगरी फेसबुकमा रहेको हृवावे फ्यान क्लबमा निरन्तर र घण्टैपिच्छे पोस्टहरू राख्ने गरेका छन् ।', '‘मानिसहरूबाट प्राप्त प्रतिक्रिया आश्चर्यजनक छैन किनकि कम्पनीले आफैँलाई विश्वव्यापी रूपमा एउटा अग्रणी सूचना प्रविधि प्रदायक कम्पनी आईसीटी सलुसन प्रोभाइडरका रूपमा स्थापित गर्दै विश्वका १ सय ७० देशमा र तीन अर्ब भन्दा बढी मानिसलाई सेवा पुर्याएको छ,’\xa0 कम्पनी भन्छ, ‘सबैभन्दा खराब अवस्था आएमा र अमेरिकी सरकारले हुवावेलाई इन्टटी लिस्टमा स्थायी रूपमा सूचीकृत गरेमा आत्तिनुपर्ने कुनै कारण छैन र भावी योजना दायर गरिएको कानुनी मुद्दामाथि निर्भर रहनेछ ।’', 'हालका लागि भने प्रयोगकर्ताहरूको मोबाइलफोनको निर्बाध संचालनका लागि कुनै खतरा नभएको विषय नयाँ फोनहरू वाई फाइभ २०१९ तथा वाई सेभेन प्रो २०१९ फिंगरपि्रन्ट भर्जन बजारमा सार्वजनिक हुनु र इएमयूआई स्तोरन्नतिले प्रमाणित गरिसकेको छ ।']"
"फेसबुक संस्थापक जुकरबर्गलाई विश्वासको मत, अध्यक्षबाट हट्नु परेन","['फेसबुकका संस्थापक तथा प्रमुख कार्यकारी अधिकृत मार्क जुकरबर्गले फेसबुक कम्पनीको अध्यक्ष तथा सीईओको आफ्नो पद जोगाउन सफल भएका छन् ।', 'फेसबुकको वार्षिक बैठकका क्रममा भएको नयाँ नेतृत्वसम्बन्धी चुनावका क्रममा जुकरबर्गले आफ्नै नेतृत्वलाई निरन्तरता दिने पक्षमा विश्वासको मत आर्जन गर्न सफल भएका हुन् ।', 'जुकरबर्गले कम्पनीको अध्यक्षको पद छाड्नुपर्ने भनी आवाज उठिरहेको समयमा जुकरबर्गका लागि यो सफलताले राहत मिलेको छ ।', 'एउटै व्यक्तिमा अत्यधिक धेरै शक्ति केन्द्रित गर्दा जोखिम बढेको भन्दै फेसबुक कम्पनीका कतिपय ठूला शेयरहोल्डरहरुले जुकरबर्गलाई अध्यक्ष पदबाट हटाउनुपर्ने आवाज उठाएका थिए । फेसबुकको एउटा मुख्य लगानीकर्ता ट्रिलियम एसेट म्यानेजमेन्ट नामक कम्पनीका अधिकारीले पनि कुनै एक व्यक्तिमा कम्पनीको अत्यधिक शक्ति केन्द्रित हुन नहुने सबै शेयरहोल्डरहरुको चासाको विषय रहेको बताएका छन् ।', 'जुकरबर्गले विश्वासको मत प्राप्त गर्न सफल भएको उक्त बैठकमा सहभागी एक अर्का लगानीकर्ताका अनुसार कम्पनी बोर्डको अध्यक्ष र सीईओ फरक–फरक व्यक्ति हुनु सामान्य नीति नै रहेको बताए । उनका अनुसार, फेसबुकको व्यवस्थापनमा रहेको गम्भीर अव्यवस्था तथा काण्डहरुको गलत व्यवस्थापनका कारण फेसबुकको प्रतिष्ठा, शेयरहोल्डरको मूल्य तथा लगानीकर्ताको आत्मविश्वास नै उच्च जोखिममा परेको छ ।', 'जुकरबर्गलाई अध्यक्ष पदबाट हटाउने बिहीबारको बैठकमा भएको प्रयास सफल नहुनुलाई असामान्य रुपमा हेरिएको छैन । किनकि फेसबुक कम्पनीमा रहेको शेयर हिस्साको हिसाबले जुकरबर्गसँग ५८ प्रतिशत भोटिङ अधिकार रहेको छ ।', 'क्यालिफोर्नियाको मेन्लो पार्कस्थित एक होटलमा भएको उक्त बैठक सुरु हुनुअघि विभिन्न अधिकारवादी समूहहरुले प्रयोगकर्ताका गोपनियता तथा डाटाहरुमाथि खेलवाड गरिएको भन्दै जुकरबर्गलाई फेसबुकको नेतृत्वबाट हटाउन माग गरी प्रदर्शन गरेका थिए ।एजेन्सी']"
बजेट दियो टुटल र पठाओलाई राहत,"['१८ जेठ, काठमाडौं । कर विवादमा मुछिएका ‘राइड सेयरिङ’ कम्पनी टुटल र पठाओले कर, जरिवाना, थप दस्तुर, शुल्क तथा ब्याज मिनाहा पाउने भएका छन् । यी कम्पनीहरुले तिर्नै नसक्ने गरी कर निर्धारण भएपछि अर्थमन्त्री डा. युवराज खतिवडाले बजेटमार्फत नै उनीहरुलाई आर्थिक वर्ष २०७५/७६ अघिको करसहित सबै खाले जरिवाना र शूल्क मिनाहा दिने गरी घोषणा गरेका छन् ।', 'टुटल र पठाओले तिर्नुपर्ने कर छलेको पुष्टि भइसकेपनि बजेटमार्फत नै नविनतम् सोचू सीपू उद्यमशीलता र प्रविधिको उपयोग गरी स्टार्ट अप व्यवसाय गरेका तर करको दायरामा नआएका व्यक्तिहरुले मूल्य अभिबृद्धि कर र आयकरको दायरामा आएमा यस्ता सबै कर तथा जरिवनना मिनाह पाउने घोषणा भएको छ ।', 'अब यी कम्पनीहरुले आर्थिक वर्ष २०७५/७६ भन्दा अघिका करमा छुट सुविधा पाउन आगामी पुस मसान्तभित्र मूल्य अभिबृद्धि कर र आयकरमा अनिवार्य दर्ता हुनुपर्ने आन्तरिक राजश्व विभागका एक अधिकारीले बताए ।', 'टुटललाई आन्तरिक राजश्व कार्यालय ललितपुरले कर छली गरेको ठहर गर्दै कम्पनीलाई दाखिलाका लागि लेखेको\xa0 थियो ।', '३ करोड ३९ लाख बराबरको कर छलिएको भेटिएको कार्यालयले जनाएको छ । यसमा ३ वर्षको अवधिको मूल्य अभिवृद्धि कर (भ्याट), आयकर, जरिवाना र ब्याज समेत जोडिएको छ ।', 'आन्तरिक राजश्व कार्यालय ललितपुरले लामो समय लगाएर टुटलको कारोबारको अनुसन्धान गरेको थियो । टुटलले सुरुमा जानकारी नभएर भ्याट उठाएको र कर कसरी कहाँ बुझाउने भन्ने जानकारी नहुँदा यस्तो अवस्था आएको जवाफ कार्यालयलाई दिएको थियो ।', 'कम्पनीले सेवा सुरुआतको वर्षमा ग्राहकसँग भ्याटसहितको रकम जोडेर शुल्क उठाएको थियो । तर, उठाएको करबापतको रकम सरकारलाई बुझाएन । पछिल्लो वर्ष भने उसले भ्याट शीर्षकमा कर उठाउन छाड्यो ।', 'टुटलले आफ्नो आय कर पनि नतिरेको भेटिएको थियो । आय कर पनि नतिरी व्यवसाय चलाएकाले त्यसअनुसार कर निर्धारण गरेर त्यसमा ब्याज र हर्जना पनि लगाइएको छ ।', 'अब टुटलले आफूलाई लगाइएको कर चित्त नबुझे आन्तरिक राजश्व विभागमा पुनरावलोकनका लागि निवेदन दिन सक्थ्यो । यदि पुनरावलोकन नजाने भए निर्धारित कर टुटलले तिर्नैपर्ने हुन्थ्यो ।', 'पठाओमाथि पनि यस्तै मुद्दामा अनुसन्धान भइरहेको छ ।', 'टुटल र पठाओ पछिल्लो सयममा काठमाडौंमा निकै प्रचलित मोबाइल एप हुन् । जसमा जोकोही मोटरसाइकलवाला आवद्ध भएर यात्रुलाई ट्याक्सीकै जसरी सेवा दिन सक्छन् ।', 'केही समयअघि सरकारले निजी सवारीले शुल्क लिएर यात्रु बोक्न नपाउने भन्दै यो सेवा बन्द गर्न लागेको थियो । तर सामाजिक सञ्जालमा तीव्र आलोचना भएपछि प्रधानमन्त्री केपी शर्मा ओलीकै निर्देशनमा महानगरीय ट्राफिक प्रहरी माहाशाखा पछि हट्यो ।', 'हालका यातायात विभागका महानिर्देशक कुमार दाहाल टुटल, पठाओ जस्ता कम्पनीको सेवा अवैधानिक भएकाले यसलाई बन्द गर्नुपर्ने पक्षमा छन् । नेपालको कानूनमा भाडाका सवारीले मात्रै शुल्क लिएर यात्रु बोक्न पाउँछन् ।']"
एनसेल फोरजीमा अब डबल डेटा,"['एनसेल प्राईभेट लिमिटेडले आफ्ना ग्राहकका लागि डेटामा आकर्षक योजना ल्याएको छ जसअन्तर्गत ग्राहकले डबल फोरजी डेटाको मजा लिन सक्नेछन् ।', 'यो योजना अन्तर्गत एनसेलका ग्राहकले सात दिन र तीस दिन समयसिमा भएको गज्जबको डेटा प्याकको खरिदमा बोनस स्वरुप फोरजी डेटा भोलुम प्राप्त गर्न सक्ने एनसेलले जनाएको छ ।', 'यो अफर यहि जेठ ३० गते (बिहिबार) देखि लागु भएको बताइएको छ । देशको १,००० भन्दा बढि स्थानमा फोरजी सेवा विस्तार गरिएको घोषणा गरेको दुई साता भित्रै एनसेलले अझ सुलभ दरमा आधुनिक मोबाइल कनेक्टिभिटि सुनिश्चित गर्दै फारेजी डेटा बोनसको योजना ल्याएको हो ।', 'यो योजना अन्तर्गत सात दिन समयसिमा भएको ५०० एमबी डेटा र तीस दिन समयसिमा भएको ३ जिबी डेटाको खरिदमा ग्राहकले त्यत्तिनै भोलुम बराबरको फोरजी डेटा बोनस स्वरुप पाउनेछन् ।', 'जस्तै यदि ग्राहकले तीस दिन समयसिमा भएको ३ जिबी डेटा कर सहित रु ४५३.३० मा खरिद गरेमा बोनस स्वरुप थप ३ जिबी फोरजी डेटा पाउनेछन् । यो अफरमा ग्राहकले ३ जिबी डेटाकै शुल्कमा ६ जिबी डेटाको मजा लिन सक्नेछन् ।', 'त्यसैगरी, एनसेलका ग्राहकले सात दिन समयसिमा भएको ५०० एमबी प्याकको खरिदमा ५०० एमबीनै फोरजी डेटा बोनस बापत प्राप्त गर्न सक्नेछन् । एनसेलका ग्राहकले ५०० एमबी प्याक कर सहित रु ९५ं.७७ मा सुचारु गर्न सक्छन् । यो अफरसँगै ग्राहकले ५०० एमबी डेटाको शुल्कमा १००० एमबी डेटाको फाइदा लिन सक्नेछन् ।', 'यस योजना अन्तर्गत बोनसको लाभ लिनका लागि ग्राहकसँग फोरजी सपोर्ट गर्ने ह्याण्डसेट, यु सिम र फोरजी नेटवर्कमा पहँुच हुनुपर्छ । सात दिन वा तीस दिन समयसिमा भएको डेटा भोलुम टुजी, थ्रिजी वा फोरजी कुनै पनि नेटवर्कमा चलाउन सकिनेछ भने बोनस डेटा फोरजी नेटवर्कमा मात्र चलाउन सकिनेछ । एनसेलले आफ्नो फोरजी सेवा देशका १,००० भन्दा बढि स्थानहरुमा विस्तार गरिसकेको छ ।', 'एनसेलका ग्राहकले एस्ट्रिक्स १७१२३ ह्यास डायल गरि आफ्नो आवश्यकता अनुसारको सात दिन वा तीस दिनको गज्जबको डेटा प्याक सुचारु गर्न सक्नेछन् । ग्राहकले एसएमएसबाट पनि यो प्याक सुचारु गर्न सक्नेछन् । सात दिनको प्याक सुचारु गर्न ७५ टाइप गरि १७१२३ मा एसएमएस पठाउन सक्नेछन् भने ३५५ टाइप गरि १७१२३ मा एसएमएस पठाइ तीस दिनको प्याक सुचारु गर्न सक्नेछन् ।', 'ग्राहकहरुलाई नेपालकै सबै भन्दा ठूलो फोरजी नेटवर्कको पहँुचबाट लाभ प्रदान गर्न यो बोनस योजना ल्याउन पाएकोमा कम्पनी हर्षित रहेको एनसेलले जनाएको छ । एनसेलको फोरजी नेटवर्कले सरकारको डिजिटल नेपाल फ्रेमवर्क र ब्रोडव्याण्ड पुर्वाधार तथा उच्चगतिको इन्टरनेट सेवामा पहुँच वृद्धि गर्न केन्द्रित राष्ट्रिय ब्रोडव्याण्ड नीतिको कार्यान्वयनमा योगदान गर्नेछ ।']"
एनसेलको फोरजी अब देशको एक हजार बढी स्थानमा,"['१९ जेठ, काठमाडौं । एनसेल प्राइभेट लिमिटेडले नविन प्रविधि भित्र्याई त्यसको लाभ ग्राहकहरुलाई प्रदान गर्ने आफ्नो प्रतिबद्धता बमोजिम देशकै बृहद् चौथो पुस्ताको मोबाइल सेवा फोरजी/लङ्ग टर्म इभोलुसन (एलटिई) नेटवर्क थप विस्तार गरी देशका १,००० भन्दा बढी स्थानहरुमा फोरजी सेवा पुर्याएको छ ।', 'एनसेलले आइतबार आफ्नो फोरजी सेवा देशका सातै प्रदेशका १,००० भन्दा बढी स्थानमा बसोबास गर्ने नेपालीहरुको पहुँचमा पुगेको घोषणा गरेको छ । अब प्राय सबै शहरहरु र शहरीक्षेत्र भन्दा बाहिर रहेका ग्राहकहरुले पनि द्रुतगतिको मोबाइल ब्रोडव्याण्ड सेवामा पहुँच र यसले दिने नयाँ अवसरहरुबाट फाईदा लिन सक्नेछन् ।', '“हाम्रा प्रिय ग्राहकहरुलाई दु्रतगतिको मोबाइल कनेक्टिभिटीमा पहुँच सुनिश्चित गर्न, शहरीक्षेत्र भन्दा बाहिरका स्थानहरु समेत समेट्दै सफलतापुर्वक फोरजी सेवा विस्तार गरिएको र यो सेवा अझै देशव्यापी रुपमा विस्तार गर्ने कार्य भईरहेको घोषणा गर्न पाउँदा हामी निकै हषिर्त छौं ,” एनसेलका कार्यवाहक प्रमुख कार्यकारी अधिकृत एण्डि चोङ्गले भने, “एनसेलको फोरजी नेटवर्कलेे सरकारद्वारा बजेटमा घोषणा गरिएको डिजिटल नेपाल प|mेमवर्कको कार्यान्वयनमा योगदान गर्ने कुरामा हामी विश्वस्त छौं र यो ब्रोडव्याण्ड पुर्वाधार तथा उच्चगतिको इन्टरनेट सेवामा पहुँच वृद्धि गर्न केन्दि्रत राष्ट्रिय ब्रोडव्याण्ड नीति अनुरुप छ ।”', 'सेवा विस्तारसँगै एनसेलको फोरजी सिम तथा फोरजी सेवा सपोर्ट गर्ने मोबाइल सेट प्रयोग गर्ने सबै प्रिपेड तथा पोस्टपेड ग्राहकले दु्रतगतिको मोबाइल ब्रोडव्याण्ड सेवाको मजाका साथै यसबाट लाभ लिन सक्नेछन् । फोरजी/एलटिई प्रविधि अन्र्तगत पि|mक्वेन्सीको प्रभावकारीतामा सुधार भई उच्च गतिको इन्टरनेट सेवा उपलब्ध हुने भएकाले ग्राहकले आफ्नो मोबाइल डिभाइसमा अझ धेरै र राम्रा एप्लिकेसनहरु प्रयोग गर्न, तत्काल महत्पपूर्ण ठूला फाइलहरु आदान-प्रदान गर्न, उच्च गुणस्तरका भिडियो सामाग्रीहरु सजिलै हेर्न लगायतका कामहरु गर्न सक्नेछन् ।', 'दुई वर्ष अगाडी जेष्ठ १८, २०७४ बाट एनसेलले आफ्नो फोरजी सेवा काठमाडौं उपत्यका लगायत नगरकोट, बनेपा तथा धुलिखेलमा सेवा शुरु गरेको थियो । यो सेवा मध्य पौष २०७५ सम्म देशका विभिन्न २१ शहरहरुमा सिमित थियो । अब यो सेवा बिराटनगर, इटहरी, जनकपुर, भरतपुर, भैरहवा, बुटवल, बागलुङ्ग, नेपालगञ्ज, तुल्सीपुर, तम्घास, पाल्पा, कृष्णनगर, बर्दिबास, राजविराज, मलङ्गवा र घनकुटा लगायत अन्य धेरै शहरहरु सहित १,००० भन्दा बढी स्थानहरुमा उपलब्ध छ ।', 'आफ्नो सिम कार्डलाई अझै फोरजीमा परिवर्तन नगरेका ग्राहकले नजिकैको एनसेल सेन्टरमा गई मात्र रु १ शुल्क तिरेर फोरजी चल्ने सिम -युसिम) लिन सक्छन् । सिम लिदा ग्राहकले आˆनो नागरिकता वा सवारी चालक अनुमति पत्र पेश गर्नु पर्दछ । यसरी सिम परिवर्तन गर्दा ग्राहकको मोबाइल नम्बरमा कुनै परिवर्तन हुने छैन ।', 'साथै ग्राहकले १ जिबी फोरजी डेटा पनि प्राप्त गर्नेछन् । प्राप्त डेटा ७ दिनको लागि मान्य हुनेछ र यो दिनको समय अर्थात बिहान ५ बजेबाट साँझ ५ बजेको समयमा प्रयोग गर्न सकिनेछ एनसेलले फोरजी/एलटिई देशको विभिन्न भागमा विस्तार गर्ने आफ्नो प्रतिबद्धता अनुरुप सेवा संचालनमा ल्याएको दुई वर्षभित्रमा ४४ जिल्लामा यो सेवा विस्तार गरेको छ ।', 'फोरजी सेवामा पहुँच थप बढाउनुका साथै ग्राहकका लागि विभिन्न आकर्षक अफर ल्याउन कम्पनी प्रतिवद्ध रहेको एनसेलले जनाएको छ ।']"
विश्वकप क्रिकेटको अपडेट हाम्रो पात्रोमा,"['१७ जेठ, काठमाडौं । विश्वकप क्रिकेटको अपडेट नेपाली एप हाम्रो पात्रोमा पनि उपलब्ध हुने भएको छ । हाम्रो पात्रोले विश्वकप क्रिकेट २०१९ को हरेक बलको अपडेट तथा प्रेडिक्ट एण्ड विन सहितको नयाँ अपडेट सार्वजनिक गरेको छ ।', 'यो अपडेट गुगल प्लेस्टोरबाट लिन सकिनेछ । ‘विश्वकप फुटबल सन् २०१४ तथा २०१८ पछि क्रिकेटको कुनै पनि संस्करणमा यो हाम्रो पहिलो प्रयास हो, यसअघिको विश्वकप फुटबलमा हामीले दिएको तिब्र अपडेटलाई यहाँहरुले निक्कै रुचाए पछि ‘हाम्रो पात्रो’को टिम विश्वकप क्रिकेटको लागि हौसिएको होु प्रबन्ध निर्देशश सन्तोषकुमार देवकोटाले भने ।', 'हाम्रो पात्रोमा ‘आईएमई पे हाम्रो क्रिकेट’ खोल्नासाथ क्रिकेट सबस्क्राइब तथा लग इन गरेर हरेक बलको अपडेट लिन सकिनेछ । त्यस्तै दैनिक हुने हरेक खेलको जानकारी लिन सकिने हाम्रो पात्रोले जनाएको छ ।', 'खेल शुरु हुनु अघिसम्म प्रेडिक्ट एण्ड विन प्रतियोगितामा सहभागी भएर खेल जित्ने टोलीको सही अनुमान गरी पुरस्कार पनि पाउन सकिने हाम्रो पात्रोले जनाएको छ । हरेक खेलमा विजेता सही अनुमान गरेमा दैनिक ३५ जनाले पुरस्कार पाउनेछन् ।']"
नासाले खोल्दैछ पर्यटकका लागि अन्तरीक्ष स्टेशन,"['अमेरिकी अन्तरीक्ष एजेन्सी नासाको अन्तराष्ट्रिय अन्तरीक्ष स्टेसनमा आगामी वर्षबाट पर्यटकहरु समेत जान पाउने भएका छन् । त्यसका लागि अन्तरीक्ष पर्यटकहरुले एक रातको ३५ हजार डलर शुल्क तिर्नुपर्नेछ ।', 'नासका अनुसार स्पेस स्टेसनलाई पर्यटन तथा अन्य व्यापारिक प्रयोजनका लागि प्रयोग गरिँदैछ ।', 'अन्तराष्ट्रिय स्पेस स्टेसनका उप–निर्देशक रोविन ग्याटेन्सका अनुसार हरेक वर्ष कम अवधिका दुईवटा निजी अन्तरीक्ष मिसन पठाइनेछ । उक्त मिसनको खर्च निजी कम्पनीहरुले उठाउनेछन् ।', 'नासाका अनुसार प्राइभेट अन्तरीक्षयात्रीहरुलाई अन्तराष्ट्रिय स्पेस स्टेसनसम्म जानका लागि ३० दिनसम्मको समय लाग्नेछ । अमेरिकाको अन्तरीक्षयानबाट उनीहरुले यात्रा गर्नेछन् ।', 'अन्तराष्ट्रिय स्पेस स्टेशन बाहिरी अन्तरीक्षमा रहेको छ । अन्तरीक्षसँग सम्बन्धित अनुसन्धानका लागि यो स्टेसन स्थापना गरिएको हो । पृथ्वीको निकटवर्ती कक्षमा यो स्थापित रहेको छ ।', 'यो स्पेस स्टेसन एकखालको कृत्रिम उपग्रह हो, जहाँ मानिसहरु बस्दछन्, काम गर्दछन् र अनेक खालका परीक्षण गर्दछन् ।', 'नासाका मुख्य वित्तीय अधिकारी जेफ डेभिटका अनुसार नासाले व्यावसायिक अवसरका लागि स्पेस स्टेसनलाई खुल्ला गर्दैछ । र, पहिलोपटक यस्तो गर्न थालिएको हो ।', 'नासाका अनुसार अन्तरीक्षयानका चालकहरु को–को रहने तथा प्राइभेट अन्तरीक्षयात्रीहरुका लागि अन्तरीक्ष उडानका तालीम र स्वास्थ्य सेवा उपलब्ध गराउने विषयमा प्राइभेट कम्पनीहरुले नै निर्णय गर्नेछ ।', 'हरेक वर्ष १२ जना निजी अन्तरीक्षयात्रीहरु अन्तराष्ट्रिय स्पेस स्टेशनमा जान पाउनेछन् ।', 'नासाले दुई कम्पनीलाई यस कामका लागि नियुक्त गरेको छ । इलोन मस्कको स्पेस एक्स र बोइंग कम्पनी यसमा छनोट भएका छन् ।', 'स्पेस एक्सले आफ्नो ड्रागन क्याप्सुलको प्रयोग गर्नेछन् भने बोइंगले स्टारलाइनर नामको अन्तरीक्षयानको प्रयोग गर्नेछ । बोइंगले यो यान बनाउँदैछ ।', 'स्मरण रहोस् यसअघि नासाले स्पेस स्टेसनलाई कुनै पनि व्यावसायिक प्रयोगमा रोक लगाएको थियो । उसका अन्तरीक्षयात्रीहरुले कुनै पनि कम्पनीको अनुसन्धानमा भाग लिन सक्दैनथे ।', 'यद्यपि नासा स्पेस स्टेसनको एक्लो मालिक भने होइन । सन् १९९८ मा यो स्टेसन बनाउन सुरु भएको थियो । अमेरिका र रुस मिलेर यो स्टेसनको निर्माण गरेका थिए ।', 'सन् २००१ म अमेरिकी व्यवसायी डेनिस टिटो स्पेस स्टेसनमा पुग्ने पहिलो पर्यटक बनेका थिए । उनले अन्तरीक्षको दुइतर्फी यात्राका लागि रुसलाई दुई करोड डलर भुक्तान गरेका थिए ।', 'एजेन्सीको सहयोगमा']"
"टेलिकमलाई २० अर्ब तिर्न पत्र आएपछि कर्मचारी विरोधमा, व्यवस्थापन दबाबमा","['२२ जेठ, काठमाडौं । सबैभन्दा बढी आम्दानी गर्ने सरकारी संस्थान नेपाल टेलिकमका कर्मचारीहरु केही दिनदेखि सरकारको विरोधमा उत्रेका छन् । विरोधको कारण हो, मोबाइल सेवाको लाइसेन्सबापत तिनुपर्ने २० अर्ब रुपैयाँ दस्तुर ।', 'केही महिनादेखि यो रकम तिर्नुपर्ने/नपर्ने अन्योल थियो । नेपाल दूसञ्चार प्राधिकरणले सञ्चालक समितिबाट निर्णय गरेर २० अर्ब रुपैयाँ नवीकरण शुल्क तिर्न लेखेरै पठाएपछि कर्मचारीहरुले विरोध गरेका थिए ।', 'तर, पछिल्लो मन्त्रिपरिषद बैठकले टेकिलमले सो रकम तिर्नैपर्ने र त्यसको भुक्तानी ५ किस्तामा गर्न सक्ने निर्णय लियो । त्यसपछि टेलिकम यो रकम तिर्नबाट पन्छिन सक्ने ठाउँ बाँकी रहेन ।', 'अहिले टेलिकमका कर्मचारीहरु सरकार नै सरकारी कम्पनीलाई धरासायी बनाउन लागेको भन्दै विरोधमा छन् । ५/५ वर्षमा नवीकरण भन्दै २० अर्ब असुल्दा त्यसले कम्पनीलाई ठूलो नोक्सानी हुने तर्क गर्दै उनीहरुले पत्रकार सम्मेलन पनि गरे । टेलिकमको आधिकारिक ट्रेड युनियनसहित अन्य दुई कर्मचारी संगठनले सरकारी निर्णयविरुद्ध बोले ।', 'नेपालको संविधानको धारा ११५ को प्रतिकुल हुने गरी हचुवाको भरमा २० अर्ब रुपैयाँको भार थोपरिएको आरोप उनीहरुले लगाएका छन् । अझै मन्त्रिपरिषदबाटै यसको निर्णय गराइनु उचित नभएको उनीहरुको तर्क छ ।', 'यसरी तिराइँदै शुल्क', 'मोबाइल सेवाको लाइसेन्स लिएपछि पहिलोपटक १० वर्षमा र त्यसपछि हरेक ५/५ वर्षमा लाइसेन्स नवीकरण गर्नुपर्ने कानूनी व्यवस्था छ । तर नवीकरणका लागि कति शुल्क लाग्छ भन्ने तोकिएको छैन ।', 'प्राधिकरणले शुल्क निर्धारण गर्दा टेलिकमले रकम धेरै भएको र कानूनी अन्योल भएको भन्दै मानेको थिएन । यसलाई सल्टाउँदै मन्त्रिपरिषद् बैठकले ५ किस्तामा शुल्क तिर्न सुविधा दिने निर्णय गरेको हो । यसको अर्थ, नेपाल टेलिकमले प्रत्येक वर्ष आगामी ५ वर्षसम्म ४ अर्ब रुपैयाँका दरले यो शुल्क किस्तावन्दीमा तिर्नुपर्नेछ । टेलिकमले माघ २५ गते नै मोबाइल सेवा नवीकरणको लागि निवेदन दिएको थियो ।', 'अब पहिलो अनुमतिको १० वर्ष नाघेका अन्य दूरसञ्चार सेवा प्रदायक कम्पनीले पनि मोबाइल सेवा अनुमति नवीकरणका लागि २० अर्ब रकम तिनुपर्ने छ । २०६१ सालमा निजी सेवा प्रदायक एनसेल -तत्कालीन मेरो मोबाइल) ले २० अर्ब रुपैयाँ नवीकरण शुल्क तिर्ने शर्त स्वीकारेर लाइसेन्स लिएको थियो । उक्त रकम ८ वर्षमा चुक्ता गर्ने एनसेल तयार भएको थियो ।', 'टेलिकमले २०५६ मा पछि निर्धारण हुने नवीकरण शुल्क बुझाउने शर्तमा लाइसेन्स जारी गरेको थियो । टेलिकमले २०७१ मा १८ करोड ९० लाख रुपैयाँ मात्रै तिरेर नवीकरण गर्न पायो । तर, महालेखा परीक्षकले २० अर्ब रुपैयाँ नवीरकण शुल्क नउठाएको भन्दै प्राधिकरणका नाममा १९ अर्ब ८० करोडको बेरुजु कायम गर्\u200dयो ।', 'यसका कारण प्राधिकरणले यसपटक एनसेलले तिरेको शुल्कलाई आधार बनाएर टेलिकमलाई २० अर्ब शुल्क तिर्न भन्दै पत्राचार गरेको हो । तर, एकैपटक २० अर्ब तिर्नुपर्ने अवस्था आएपछि टेलिकमले सरकारलाई गुहारेको थियो ।', 'के भन्छन् कर्मचारी ?', 'नेपाल दूरसञ्चार राष्ट्रिय कर्मचारी संगठनका प्रथम संयोजक लोकबहादुर कटुवाल स्पष्ट कानुन नबनाई हचुवाका भरमा यस्तो निर्णय गर्नु न्यायसंगत नभएको बताउँछन् । ‘नवीकरण दस्तुरबारे स्पष्ट रुपमा कानुन बोलेको छैन,’ उनले भने, ‘कसरी यत्रो रकम संस्थामाथि हचुवाका भरमा तिर्नुपर्ने निर्णय गरिँदैछ भन्ने प्रश्न उठेको छ ।’', 'कर्मचारीहरुले आम्दानीका आधारमा मात्रै यस्तो शुल्क तोक्नुपर्ने माग गरेका छन् । नेपाल टेलिकम वर्कर्स युनियनका अध्यक्ष राजेन्द्रप्रसाद जोशी नेपाल टेलिकमलाई प्रतिस्पर्धामा जान रोक्ने गरी यस्तो व्यवस्था ल्याइएको आरोप लगाउँछन् । ‘टेलिकमको हातखुट्टा बाँधिएको छ, त्यसमाथि नवीकरण दस्तुरका नाममा\xa0अर्बौं तिर्न भनिएको छ,’ उनले भने ।', 'कर्मचारीले यस्तो नवीकरण दस्तुर थोपरिए कडा कदम चाल्ने बताएका छन् । कर्मचारीहरुले यसका कारण कम्पनीको पुँजी तरलतामा असर पर्ने दावी गर्दै आएका छन् । उनीहरुका अनुसार संस्था हाल ८० अर्ब बराबरको तरलता राखेर चलिरहेको छ । यसबाट २० अर्ब झिक्दा त्यसले कम्पनीलाई ठूलो प्रभाव पर्ने तर्क उनीहरुको छ ।', 'व्यवस्थापन भन्छ : विकल्प छैन, अब सच्चियोस्', 'नेपाल टेलिकमको व्यवस्थापन पनि सरकारको यो निर्णयसँग सन्तुष्ट छैन । तर, मन्त्रिपरिषदबाटै निर्णय भएर आएपछि कार्यान्वयनको बाध्यता आइलागेको छ । कम्पनीका एक उच्च अधिकारी एक वर्षजति यो दस्तुरका कारण कम्पनीलाई सामान्य समस्या पर्ने बताउँछन् । तर, रकम तिर्नुको कुनै विकल्प पनि नरहेको उनको भनाइ छ ।', 'कम्पनीको व्यवस्थापन स्रोत भने एकैपटक २० अर्ब तिर्दा तरलताको समस्या आउने देखेरै सरकारले किस्ताबन्दीमा तिर्ने व्यवस्था गरिदिएको बताउँछ ।', '‘हामी यो वर्ष नेटवर्क विस्तार तीव्र रुपमा गर्दैछौं, सँगै फोरजी सेवाको विस्तार पनि हुँदैछ,’ ती अधिकारीले भने, ‘भ्वाइस सेवाका ग्राहक घटिरहेका कारण विजनेसमा चुनौती थपिएका समयमा २० अर्ब रुपैयाँ तिर्न कठिन छ ।’', 'टेलिकम व्यवस्थापन पनि अब नवीकरण दस्तुरलाई न्यायसंगत र व्यवहारिक बनाउनुपर्ने बताउँछ । एउटा स्पष्ट नीति र नियम बनाएर यस्तो शुल्क नतोके बजारमा नयाँ सेवा प्रदायकलाई आउन समस्या पर्ने टेलिकमका अधिकारी बताउँछन् ।', '‘अहिले दुई वटा संस्था मात्रै बजारमा प्रतिस्पर्धामा छन्, नयाँ प्रतिस्पर्धी आउने वातावरणलाई यो २० अर्बको प्रावधानले रोकेको देखिन्छ,’ टेलिकमका एक अधिकारी भन्छन्, ‘वर्षमा नवीकरण बाहेक फि्रक्वेन्सी दस्तुर, ग्रामीण दूरसञ्चार कोषको शुल्क, रोयल्टी लगायत गरेर ४ अर्ब माथि तिनुपर्छ । यस्तो अवस्थामा नयाँले कसरी आँट गर्न सक्लान् ?’', 'ती अधिकारी यसबाट कम्पनीको नाफामा केही असर पर्ने स्वीकार्छन् । तर, नाफामा कम असर पर्ने गरी विजनेश विस्तार गर्न रणनीति बनाउने टेलिकम उच्च स्रोत बताउँछ ।', 'हालको टेलिकम कम्पनीको आम्दानी र खर्चको अवस्थालाई हेर्दा २० अर्ब रुपैयाँ नवीकरणमा खर्चिनुपर्ने अवस्था न्यायसंगत नहुने टेलिकमको पनि भनाइ छ ।', 'किन विरोधमा कर्मचारी ?', 'अहिले टेलिकमको व्यवस्थापनलाई भन्दा कर्मचारीलाई २० अर्बले टाउको दुखाएको छ । त्यसको खास कारण पनि छ । टेलिकममा ५ प्रतिशत सेयर स्वामित्व कर्मचारीहरुसँग छ ।', 'यो पटक फोर-जी सेवा विस्तारका लागि झण्डै १९ अर्ब रुपैयाँ खर्च हुँदैछ । गत वर्ष १७ अर्ब नाफा गरेको टेलिकमको यो वर्ष पनि आम्दानी र नाफा घट्दो छ । यसले गर्दा नाफा निकै घट्ने भएपछि बोनस र सेयरको लाभांस प्रभावित हुने चिन्ता कर्मचारीहरुलाई छ ।', 'यो सर्वाधिक बजार पुँजीकरण भएको कम्पनी हो । यसमा बहुसंख्यक सरकारी सेयर छ । चालु आर्थिक वर्षको वैशाखसम्म नेपाल टेलिकमको नाफा गत वर्षको तुलनामा करिब २ अर्बले कम छ ।', 'अघिल्लो वर्षको ९ महिनामा टेलिकमले ११ अर्ब ८५ करोड ६४ लाख रुपैयाँ कमाएको थियो । तर, यो वर्ष वैशाखसम्म ९ अर्ब ९८ करोड रुपैयाँमा झरेको छ । ९ महिनामा १ अर्ब ८७ करोड रुपैयाँ कम नाफा भएको देखिन्छ ।', 'समीक्षा अवधिमा अघिल्लो वर्ष २९ अर्ब ३९ करोड कमाएको टेलिकमले यो वर्ष २७ अर्ब ५० करोड मात्रै कमाएको देखिन्छ । अरु आय भने २३ करोडले बढेको छ र ४ अर्ब ६९ करोड पुगेको छ । कम्पनीले यो वर्ष कर्मचारी तथा अन्य प्रशासनिक खर्च कम गर्दै त्यस्तो खर्चको वृद्धिदर घटाएको छ ।']"
६ खर्बको बन्यो भारतीय सफ्टवेयर बजार,"['प्रविधि जगतमा विश्वकै उदीयमान बजारको रुपमा रहेको भारतमा सफ्टवेयरको बजार तिव्र दरमा वृद्धि भैरहेको छ ।', 'चालु वर्ष सन् २०१९ मा भारतीय सफ्टवेयर बजारमा १३.७ प्रतिशतको वृद्धि भई ६ अर्ब १० करोड अमेरिकी डलरको बन्ने एक रिपोर्टले देखाएको छ ।', 'इन्टरनेसनल डाटा कर्पोरेसनको रिपोर्ट अनुसार सन् २०१८ को पछिल्लो ६ महिनामा एसिया प्रशान्त क्षेत्रको सफ्टवेयर बजारमा भारतको हिस्सा १२ प्रतिशत पुगेको थियो ।', 'रिपोर्ट अनुसार भारतीय कम्पनीहरुले वृहत डाटा तथा बिजनेस एनालिटिक्सको उपयोगमा वृद्धि गरिरहेको र यसबाट प्रतिस्पर्धी लाभमा बढोत्तरी भैरहेको छ । यसले प्रविधिको व्यवसायिक उपयोगमा वृद्धि हुनुका साथै क्लाउड सँग सम्बन्धित क्रियाकलापमा वृद्धि भैरहेको छ ।', 'आगामी दिनमा भारतीय कम्पनीहरुले एनालिटिक्स, क्लाउड कम्प्युटिंग तथा आर्टिफिसियल इन्टेलिजेन्सको क्षेत्रमा लगानी वृद्धि गर्ने दाबी पनि रिपोर्टमा गरिएको छ ।', '-एजेन्सीको सहयोगमा']"
‘टाइम्स अफ नेपाल’ एप सार्वजनिक,"['‘टाइम्स अफ नेपाल’ भन्ने एप सार्वजनिक भएको छ । ये एपले देश-विदेशका समाचार बिभिन्न स्रोतबाट सङ्कलन गरी क्याटेगोराइज गरेर पाठकवर्गलाई पुर्याउनेछ । यसमा २० बढी समाचार पोर्टलका समाचारहरु इन्टिग्रेट गरिएका छन् ।', 'साथै एपमा ‘तपाईका लागि’ भन्ने पृष्ठ छ, जसमा पाठकले रुचाएका समाचार मात्र देखिन्छन् । एपमा समाचार सेभ गर्न मिल्ने विकल्प पनि \xa0छ ।', 'यो एप प्लेसटोर तथा एपस्टोरमा उपलब्ध छ ।']"
फेसबुक चलाउँदै हुनुहुन्छ ? बुँदा नं ९४ ख्याल गर्नोस् !,"['२७ बैशाख, काठमाडौं । सामाजिक सञ्जालमा केही विकृति र स्वच्छन्दता देखिए पनि अहिलेसम्म नेपाली नागरिकले खुल्ला अभिव्यक्ति दिादै आएका थिए । नेताहरुलाई खरो अलोचनासहितका कमेन्टहरु पनि गर्न पाइन्थ्यो । तर, अब सरकारले ल्याउन लागेको सूचना प्रविधि ऐन जस्ताको त्यस्तै पारित भयो भने फेसबुक चलाउनेहरुबाटै प्रहरी हिरासत र जेलहरु भरिने सम्भावना देखिन्छ ।', 'सरकारले संसदमा दर्ता गरेको सूचना प्रविधि ऐनमा सामाजिक सञ्जाल दर्ता नगरी चलाउन नपाइने व्यवस्था सागै कसैमाथि गाली बेइज्यती हुने गरी कमेन्ट गरेका कडा सजायाको प्रावधान राखिएको छ ।', 'प्रस्तावित ऐनको दफा ९४ मा फेसबुक लगायतका सामाजिक सञ्जालमा सम्प्रेषण गर्न नहुने कुराहरु उल्लेख गरिएका छन् ।', 'त्यसैगरी तपाईले कुनै युट्युव च्यानल वा बेवसाइट चलाइरहनुभएको छ र सरकारलाई चित्त बुझेन भने त्यसलाई कुनै पनि बेला बन्द गरिदिन सक्ने छ ।', 'विगतमा छापाखाना तथा प्रकाशन ऐनले समाचार लेखेकै भरमा कुनै पनि सञ्चारमाध्यमको दर्ता खारेज नगरिने अधिकार सुनिश्चित गरिएको थियो । तर, अहिलेको सरकारले आफूलाई मन लागेका बेवसाइटहरु बन्द गर्न इन्टरनेट सेवा प्रदायक कम्पनीलाई चिठी लेख्ने गरेको छ ।', 'सरकारले ल्याउन लागेकाे कानून संसदबाट पारित भएपछि\xa0\xa0फेसबुक, टि्वटर लगायत सामाजिक सञ्जालमा मनमाैजी पोस्ट गर्नेहरूलाई ५ वर्षसम्म कैदका साथै १५ लाख रूपैयाँ सम्मको जरिवाना हुने व्यवस्था सूचना प्रविधि सम्बन्धी विधेयकमा उल्लेख छ ।', 'फेसबुक, टि्वटर लगायतका सामाजिक सञ्जालको प्रयोग गर्नेहरुले के कस्तो सजगता अपनाउने पर्ने गरी कानून आउन लागेको छ भन्ने कुराको जानकारीका लागि तलको प्रावधान हेर्न सक्नुहुनेछ –', '']"
